{
  "index.html": 1599543674056,
  "Component.js": 1599543674056,
  "model/models.js": 1599543674060,
  "controller/View1.controller.js": 1599543674056,
  "manifest.json": 1599545290562,
  "manifest-bundle.zip": 1599545290375,
  "Component-preload.js": 1599545290542,
  "controller/View1-dbg.controller.js": 1599543674056,
  "model/models-dbg.js": 1599543674060,
  "Component-dbg.js": 1599543674056,
  "resources.json": 1599545290565,
  "view/View1.view.xml": 1599543674060,
  "css/style.css": 1599543674060,
  "i18n/i18n.properties": 1599543674060
}